id,label,lat,lon
ce937c35-b746-40b3-ae52-5633026cef6f,6934 South RUSTIC Road SEATTLE 98178 US,47.50906493700006,-122.24571336099996
b0d471ea-acf1-4e8e-93e4-41113c8ea45a,7520 57TH Place Northeast  98115 US,47.68348051400005,-122.26670684799996
f714f8e0-1fbe-4479-a8bb-1b604fe62f12,1814 18TH Avenue South  98144 US,47.58646999200005,-122.30918411999994
47478b02-27f5-466f-b94e-a808255d84f8,5263 17TH Avenue Southwest  98106 US,47.553944072000036,-122.35628543399997
156d26d0-fa08-4737-8f22-f5a7de762b8d,1701 Southwest 112TH Street  98146 US,47.50269435900003,-122.35660664299996
3e982322-0f23-49b5-bd0e-120d69410025,8401 8TH Avenue South  98108 US,47.52817390200005,-122.32332052099997
8611fdd4-58f9-4764-9d93-1530cc466c4f,6531 B 35TH Avenue Northeast  98115 US,47.676725075000036,-122.29053054399998
2f55033c-1765-4e91-8235-90d54d486584,4136 38TH Avenue Southwest  98126 US,47.56536718700005,-122.37976109599998
0f23af7f-0377-4c98-ac9f-f3fa2fea1da5,600 Southwest KENYON Street  98106 US,47.532569230000036,-122.34466045599999
06d17ea8-c26f-437e-aeb0-4c22c0f4ee61,8501 5TH Avenue Northeast  98115 US,47.69067078200004,-122.32338368299997
81e3c51d-8923-4e1e-884c-6418bc4d340f,3711 42ND Avenue Southwest  98116 US,47.570865738000066,-122.38592098999999
641ea005-4d99-47b2-82a5-e4f8da2e6327,6609 HOLLY Place Southwest  98136 US,47.544515612000055,-122.39054850499997
46f4e61a-60a5-43f0-bc36-eaeb86df5221,1671 HARBOR Avenue Southwest  98126 US,47.58817158700003,-122.38000001599994
69ad2d81-533f-445b-aab7-a75bef7d7651,1714 East FIR Street  98122 US,47.602904885000044,-122.30952659599996
173cbc83-74ef-40f3-a0dc-67d49f640b9b,4115 45TH Avenue Southwest  98116 US,47.56617300800008,-122.38975959999999
54d5b64b-2953-4c5e-89f1-34f7bb107ba5,1610 Northeast 77TH Street  98115 US,47.68506787800004,-122.31041569499996
00f43cc6-be90-4832-87d3-7a4a79a11e01,7020 7TH Avenue Northwest  98117 US,47.68025481800004,-122.36423559599996
39b13ec8-03ff-4498-91f2-05dc8ac201ea,3810 South EDMUNDS Street  98118 US,47.55880699200003,-122.28486588799996
84a30066-124b-4f65-9189-31950cc6b9dc,2715 6TH Avenue South  98134 US,47.57926050300006,-122.32686233099997
8716e288-c69c-4c0b-b507-a2c9ee767151,628 Northwest 88TH Street  98117 US,47.692970582000044,-122.36459348299996
01af5e3b-20d5-40b7-b185-fcb23c4bd432,9232 21ST Avenue Northwest  98117 US,47.696516391000046,-122.38224289499999
5b58b95b-4120-4414-9e4a-06e1820429b6,3230 Northeast 95TH Street  98115 US,47.697722930000054,-122.29196663699997
37d9adc0-e7dc-426b-ad19-d09e560ca397,2431 WESTVIEW Drive West  98119 US,47.64045956600006,-122.37096519599999
5fb8f888-e94b-4ab8-927c-16a87b647605,10605 SEOLA BEACH Drive Southwest  98146 US,47.50793756100006,-122.37117883999997
b3be1cb0-bb16-4dfc-ac6f-615176c5758d,2428 31ST Avenue West  98199 US,47.64042553200005,-122.39665303099997
48202279-4caf-4e1b-96c2-b633ecba4be7,8710 OVERLAKE Drive West  98039 US,47.61221683500003,-122.22663431899997
e088ee3b-8421-4e29-b408-79168f0f4247,7774 HIGHLAND PARK Way Southwest  98106 US,47.53261322100008,-122.34637048599996
94af6676-569c-4a4f-9f28-f1fec9de37de,10838 101ST Avenue Northeast  98033 US,47.69795009500007,-122.20630514899995
5f92d603-e2c1-4c94-87fd-29fcfd554dbe,7625 15TH Avenue Northeast  98115 US,47.68472647800007,-122.31244726399996
cfb450df-0b49-46b0-9728-c7f75b42346d,4115 51ST Avenue Northeast  98105 US,47.65840187100008,-122.27251944699998
3aff6ef4-b490-4fc7-bcd4-3b2f9eeb63c7,703 21ST Avenue East  98112 US,47.625383002000035,-122.30509563999999
9a6aa921-f60e-4a7f-8a2f-8f1c16143be1,8826 38TH Avenue Southwest  98126 US,47.52387013900005,-122.38020385799996
c1a4f817-240e-4940-8bfe-ce1eacf23b36,130 13TH Avenue  98033 US,47.685704334000036,-122.20714694599997
5817fef8-90c7-4a98-96d8-ff6bcabfb813,745 B North 95TH Street  98103 US,47.69763107600005,-122.34795340999995
019e9692-529b-4972-8664-d9231cb38e8b,1111 10TH Avenue East  98102 US,47.62921990900003,-122.32052696599999
6b861c23-b881-4b57-9259-04d67291474d,2012 Northeast 92ND Street  98115 US,47.69592555500003,-122.30617270699997
bd9e8cb5-785e-485e-88ba-f9a5bdc3766f,628 West NICKERSON Street  98119 US,47.65209499500003,-122.36566741099995
5d607569-3f8f-4e2b-a9fb-1e5223faff0e,4719 South BOND Street  98118 US,47.51412802800007,-122.272778744
d35e3405-194b-4312-aa89-131ba501ed73,300 Northwest 78TH Street  98117 US,47.685694099000045,-122.360874406
dd4fc895-b413-474b-972f-403c4b9f6cc7,915 HARVARD Avenue East  98102 US,47.62727445300004,-122.32322885599996
d0712d4c-22d9-40e3-b5b2-c223368e53f2,2862 Northwest MARKET Street  98107 US,47.66894440500005,-122.39540584699995
dd202f12-82a3-4aa2-9d09-b8d14b534094,10802 31ST Avenue Southwest  98146 US,47.50615711700004,-122.37151249599998
b96e680b-0371-4f60-b32b-0d71fe714000,1233 EVERGREEN POINT Road  98039 US,47.622339735000025,-122.24011653299999
656c7a25-032e-4936-b52b-081b59c3b92f,322 17TH Avenue East  98112 US,47.621152847000076,-122.309782343
460d4880-8923-42ec-8a2f-544b578ed1ad,6419 23RD Avenue South  98108 US,47.544808001000035,-122.30435267699994
01ce517b-30f5-4c2c-abfe-05c084644858,10860 CRESTWOOD Drive South SEATTLE 98178 US,47.50414157100005,-122.24433894399999
f524cdb5-877c-4172-a272-d1defe03bfa9,1350 30TH Avenue South  98144 US,47.59109724100006,-122.29312304399997
8e5711d8-cc23-4124-993f-07d8547331eb,2036 MCGILVRA Boulevard East  98112 US,47.63811100100003,-122.28044030999996
3f1ca15f-7cab-4ed9-a730-c70e67a49b12,4709 STONE Way North  98103 US,47.66316865700003,-122.34179781499995
72f026a0-86de-4509-9502-048b15190ba5,3032 52ND Avenue Southwest  98116 US,47.576557853000054,-122.39768686999997
53bc4ba5-bb02-4354-bab2-5036ee8dbf0c,9207 9TH Avenue Northwest  98117 US,47.696309503000066,-122.36906672899994
25cad882-89da-406d-a572-269a44a146a0,7323 17TH Avenue Northwest  98117 US,47.68207919500003,-122.37916953399997
28069b6a-0f00-44bd-b520-d21e1a441c9e,6548 DELRIDGE Way Southwest  98106 US,47.54314654900003,-122.36083235299998
10b2fd3d-5a9c-46a3-b7ee-aed9ee5699ff,805 Northwest 63RD Street  98107 US,47.674260539000045,-122.36658047299994
57dfe629-73bf-4bc4-9841-9e30d8d86dae,10702 COUNTRY CLUB Lane South SEATTLE 98168 US,47.50607964100004,-122.31319252999998
1c896d29-2a1e-425f-933e-5a7419a4a425,3225 East MARGINAL Way South  98134 US,47.57568479200006,-122.34091013099999
3f25d6a2-e60f-43e6-beb1-becdf0884ec2,4970 12TH Avenue South  98108 US,47.557296258000065,-122.31685743599996
39f57eea-4652-47ea-84eb-e08195ce86c3,3736 Southwest AUSTIN Street  98126 US,47.53514525200006,-122.38086870099994
c0d5f65f-c4d8-4993-8880-426325a659a7,1214 East COLUMBIA Street  98122 US,47.60953654300005,-122.31597513599996
3e1ce2a5-99f1-4938-9206-332e9cb64c98,234 1ST Avenue West  98119 US,47.62080050700007,-122.35782246999997
3a428eac-73de-4cba-b029-3dc55ef32665,2247 Northwest 62ND Street  98107 US,47.67353932700007,-122.38672943399996
96d0cf0c-7199-4388-b802-c0972c7781e4,1608 20TH Avenue  98122 US,47.61566657600008,-122.30588728899994
4daa7fd8-03a4-4686-b464-8a104c0adc02,4508 Southwest ATLANTIC Street  98116 US,47.59085187900007,-122.38906111999995
6301e880-a65f-4ade-a65a-da7b0e317599,915 WARREN Avenue North  98109 US,47.627677153000036,-122.35433564499999
cbceb949-418a-4bab-9da1-d5b3ba1a88ce,7757 23RD Avenue Northwest  98117 US,47.686681511000074,-122.38570271399999
ff117242-1900-4198-a322-bb1dab01880a,9450 9TH Avenue Southwest  98106 US,47.51766401100008,-122.34643387699998
24244c50-bb48-43b3-8cd5-4c55523ff323,904 23RD Avenue South  98144 US,47.594359188000055,-122.30199335599997
d4f1a259-488e-466c-86d1-02375c814d81,839 Northeast 96TH Street  98115 US,47.69837711100007,-122.31871358099994
2e4ada96-cffe-448b-996a-533315b533d9,401 2ND Avenue South  98104 US,47.59895219800006,-122.33187822499997
d78e09f8-0a1b-43da-ace9-6f29f3ba163a,832 South FIDALGO Street  98108 US,47.54940364400005,-122.32240422599995
d1a5d69b-825f-47d5-9836-a7c5c3b3e0a6,4051 48TH Avenue Southwest  98116 US,47.56699142200006,-122.39376634799999
208dc53f-3194-48f1-9a92-fddcf3fcfae0,2811 8TH Avenue West  98119 US,47.645386931000075,-122.36777160699995
557d4fc1-ac2e-4ec2-b33d-a811cb0af5b6,7928 MARTIN LUTHER KING JR Way South  98118 US,47.53065074800003,-122.28025314499996
c2c756d0-83aa-4466-88c4-7c7fbc5b1f62,5507 17TH Avenue South  98108 US,47.553103100000044,-122.31134062399997
05741349-f5f4-4e9e-8111-4e3263ee5b3e,4819 PHINNEY Avenue North  98103 US,47.66414704600004,-122.35416075599994
eb2f7680-ff0b-46e5-bd7e-1cf49ed73319,5205 9TH Avenue Northwest  98107 US,47.66660296400005,-122.36884458899999
d9fec4e1-ad54-44bf-917b-5753b17971ba,8735 24TH Avenue Northwest  98117 US,47.693189758000074,-122.38956054199997
8caab251-4ca6-467d-b881-c84d4067b663,6047 33RD Avenue South  98118 US,47.54644947500003,-122.29069254599995
6207811d-154e-4307-b494-afb96f16a4a3,4130 41ST Avenue South  98118 US,47.565298668000025,-122.28141799899998
98330fa9-9538-4ad4-8bdd-027da678253c,2451 26TH Avenue East  98112 US,47.64116315000007,-122.29895075599995
6fd38710-f24d-4a36-aa46-54343fa6d7fc,10755 56TH Avenue South  98178 US,47.50322055300006,-122.26380847599995
af6f5880-1af9-43f3-a2fb-bd12c60da05c,1015 North 40TH Street  98103 US,47.655251760000056,-122.34518928999995
867679cf-6ebe-46b8-b4db-ca0f78c629ea,3514 South DAWSON Street  98118 US,47.555260479000026,-122.28874968499997
1ab0a4b5-58da-4e36-8070-e596a3fb351c,2521 North 40TH Street  98103 US,47.65541719600003,-122.32819155099997
d3d3518b-8888-4986-a09e-da1941320ea2,2816 BOYER Avenue East  98102 US,47.64606672000008,-122.31603625099996
ab57caff-638c-4dc8-83c0-e2baa3bca1c9,1807 BROADWAY East  98102 US,47.635316827000054,-122.32134115599996
929d70fd-9c03-4d41-aa45-deffea6c5f66,3606 36TH Avenue South  98144 US,47.57125623700006,-122.28789531799998
f20ab93c-d56a-474a-aebb-4f577119d9cd,7704 Southeast 39TH Street  98040 US,47.57574647900003,-122.23608500399996
d045b90c-4525-4e20-93b8-c587c25c7ebc,7918 46TH Avenue South  98118 US,47.53100509200004,-122.27419015099997
09dd21bb-3cc4-40d2-ab29-59dfb96841e9,5121 South RUGGLES Street  98178 US,47.50863693000008,-122.26905315899995
beb08ac2-ae32-4b7e-ab31-0afd8fc6dde1,2709 2ND Avenue North  98109 US,47.64503508700005,-122.35375230699998
847619c3-f9ba-4d58-b113-937d5f14885a,3203 23RD Avenue West  98199 US,47.64870794900003,-122.38615655699999
e475c911-5d62-42eb-8f80-ae0b389b3a44,3439 16TH Avenue West  98119 US,47.65151186500003,-122.37780031299997
fb4f781f-d584-40ff-b552-814615694b2b,4013 Southwest MARYLAND Place  98116 US,47.59284205900008,-122.38395920399995
3c99aa89-d293-4708-9deb-3f7c7e9741c1,4811 29TH Avenue South  98108 US,47.55915811600005,-122.29598398999997
aa1fbec6-cf9c-4bcb-a756-a9fe6e20c7bb,1417 Northwest 64TH Street  98107 US,47.67504809400003,-122.37449003999996
2a23351c-bdcb-44d6-aadc-ea22156a5615,7735 16TH Avenue Southwest  98106 US,47.53269173000007,-122.35534856899994
11727593-84d4-4d6b-af45-f856080d356f,3922 C LINDEN Avenue North  98103 US,47.65482461900007,-122.34808757899998
df8e432c-7f2e-4601-8e8c-e2c8d4a6038c,8034 WALLINGFORD Avenue North  98103 US,47.68795166500007,-122.33612993599996
69f7d4bc-f018-4ef9-8dcf-5ca9894b78fb,210 21ST Avenue  98122 US,47.603878466000026,-122.30478022599999
d90e3537-0729-45a8-89f6-526a49d439bd,614 12TH Avenue East  98102 US,47.62474920900007,-122.31644543899995
2c11bb0b-9116-4afe-9f3b-1e8ea7f51842,3321 31ST Avenue Southwest  98126 US,47.57330540400005,-122.37244408699996
7137c3a0-3698-494b-8517-79a2d347c638,1215 16TH Avenue East  98112 US,47.63110614100003,-122.31155574399997
feb8a965-627e-4f0f-ba1e-a487d08f43ec,1019 Northeast 62ND Street  98115 US,47.67311882100006,-122.31649812999996
c74c2258-3fab-4e2a-97b6-0b6811ae43ac,5228 FAUNTLEROY Way Southwest  98136 US,47.554906637000045,-122.38118424199996
15e09e38-773c-4394-937c-49db280fe372,804 North 43RD Street  98103 US,47.65955719900006,-122.34816973599999
c36ab614-41a8-476d-ab73-864aa0762e5c,10039 16TH Avenue Southwest SEATTLE 98146 US,47.512481835000074,-122.35542397799998
f22019c8-aeca-4143-88f7-d95ea2f6aba0,214 Northwest 72ND Street  98117 US,47.68088129700004,-122.36015899499995
127e2ac5-1f1b-4ea2-a91e-525d0ec56fd6,9406 35TH Avenue Southwest  98126 US,47.51902698300006,-122.37649392599997
4a255b8d-0164-4cf6-8e21-1ae778feddfd,320 Northwest 78TH Street  98117 US,47.685652823000055,-122.36158212799995
30a5fb15-2eeb-4308-a37f-7676c4cc49d4,3455 THORNDYKE Avenue West  98119 US,47.65192526100003,-122.37827207799995
82a4567f-f3ac-4b2e-8910-b4f90aa57e04,1138 BROADWAY East  98102 US,47.62977918100006,-122.32101113999994
8869f827-b452-4fee-9cbd-557c175369df,7732 32ND Avenue Northeast  98115 US,47.685829470000044,-122.29352072799998
71b6a167-fc40-4819-bcf3-b755758149ab,10003 47TH Avenue Southwest  98146 US,47.513659534000055,-122.39363339099998
3c50cfa3-57fa-487c-9a55-7ad569f365b8,11006 ROSEBERG Avenue South  98168 US,47.504031044000044,-122.30120857699995
ac67754d-8364-40cc-beed-80030be9b9d8,3924 Southwest ARROYO Court  98146 US,47.504166499000064,-122.38291524899995
c0d7d2fb-8b02-49e6-a266-eafeb8b69e81,3837 East CROCKETT Street  98112 US,47.63713652800004,-122.28261424799996
2b1f0ee9-41f5-496e-a46c-7474524d07fb,9552 PHINNEY Avenue North  98103 US,47.69938815200004,-122.35373773099997
391f6c39-a3c4-4dd9-8252-47ab54b7cf57,1556 Northwest 56TH Street  98107 US,47.66960055700008,-122.37857720699998
c8577f47-bebb-4975-ac29-2b83e8f7cb1f,842 Northeast 94TH Street  98115 US,47.69693751300008,-122.31870738599997
ae0af281-e2dc-4b6d-ab8e-c2a6fc0231e8,127 14TH Avenue  98033 US,47.68624745500006,-122.20752859599997
602a44e8-2f32-4c2b-9a55-a8b0ebb6126d,4328 12TH Avenue South  98108 US,47.564416649000066,-122.31701275799998
2c9a46bd-ba68-4899-970a-e36fca7de0c3,8628 22ND Avenue Southwest  98106 US,47.525691918000064,-122.36143979899998
6c64447c-e770-447c-b518-8998833a3351,533 North 66TH Street  98103 US,47.67672332700005,-122.35111171599999
028bbcbb-c543-4e55-aa7d-7f180a5dac40,3502 96TH Avenue Southeast  98040 US,47.579198054000074,-122.21037323399997
e1cb136a-2d1a-48e5-81f3-cf69a0ab8d04,7741 30TH Avenue Southwest  98126 US,47.53252245300007,-122.37143683599999
37a9aa10-04c4-4be5-805d-bdae12dd5fc0,4114 37TH Avenue South  98118 US,47.56569373200006,-122.28583092099996
b54bc743-4da2-4384-b119-c6e00295f4bb,8234 FAIRWAY Drive Northeast  98115 US,47.688569175000055,-122.27615699899997
4a67d569-2cea-442f-a0aa-cd843e6b9bfa,1414 South DIRECTOR Street  98108 US,47.522453692000056,-122.31318565199996
ca340d54-e945-4e87-9ace-1ff919aad916,6322 HIGH POINT Drive Southwest  98106 US,47.54690645900007,-122.36832947899995
44462881-157c-45ab-81f8-5a2f81aa8e0f,8448 26TH Avenue Southwest  98106 US,47.52680682600004,-122.36553545599998
2ca22d90-fac3-42ec-8eba-af82b8ab9094,3812 43RD Avenue Northeast  98105 US,47.65618110500003,-122.28095300399997
0f7677e0-1063-4dc1-b980-64eff115798a,7766 11TH Avenue Southwest  98106 US,47.532709864000026,-122.34904446399997
c689cd83-7f40-455f-a582-4481b4edd239,8145 4TH Avenue Southwest  98106 US,47.52875090200007,-122.34076792699994
e540fcea-9629-400f-86a3-7afd4573a09d,1527 HARVARD Avenue  98122 US,47.61479357300004,-122.32238385399995
7c9df480-9f64-4fe4-9b1f-4bd25820963f,11452 69TH Place South  98178 US,47.50048204800004,-122.24790301999997
dbebc6b3-dbd3-4c15-b41a-f2ba59009240,10015 Northeast 12TH Street  98004 US,47.62071928200004,-122.20630979899994
037d9f03-379c-4e5b-a2fa-6e34c6787ff4,1816 South STATE Street  98144 US,47.587871101000076,-122.30872927399997
47f90d16-5e57-4746-9b72-3e61775107b9,3715 34TH Avenue Southwest  98126 US,47.57066277900003,-122.37529814599998
0dbf57e3-f144-4592-bf4f-c4eab0e54770,3309 South ORCAS Street  98118 US,47.55092823900003,-122.28978452899997
ee0d79ca-d5d5-40d2-a13a-2cdbf8dccfd1,1821 HARVARD Avenue  98122 US,47.61823423300007,-122.32258400199999
bfed1d54-67fb-43e9-8ede-95f41775a60f,2030 PARKSIDE Drive East  98112 US,47.637551029000065,-122.29043916899997
efaa82f0-9b7b-451e-8850-8097cfc0e5fe,6500 PARK POINT Lane Northeast  98115 US,47.675974170000075,-122.265792783
4192419e-79e3-4354-a571-f620f33790a7,6552 44TH Avenue Southwest  98136 US,47.54337309400006,-122.38829510599999
f19b14e7-dd05-4d99-9a2b-fb5c0695097f,4208 Southwest 102ND Street  98146 US,47.51228748800003,-122.38640593499997
d2f850c4-1f94-4e3e-a573-9bac05a7b57e,4648 89TH Avenue Southeast  98040 US,47.56228388200003,-122.21985765699998
9ca99c26-ee89-4a5f-9feb-60b0d01731d6,1712 18TH Avenue South  98144 US,47.588033574000065,-122.30920184999997
80c4d6e1-80b2-4978-8a2d-4ff057425412,212 3RD Avenue South  98104 US,47.600348463000046,-122.32991995699996
f1a3357b-0d95-4fa4-9720-c7ff67abf862,2330 YALE Avenue East  98102 US,47.64069070200003,-122.32668894499994
9d8607d7-1748-48cb-972b-0eead9b8d188,3407 34TH Avenue South  98144 US,47.57221308900006,-122.29019452399996
dccbeac9-359b-42fe-8415-664773166bb5,520 99TH Avenue Northeast  98004 US,47.61554310200006,-122.20795759899994
11b4394a-7a61-47c4-bc0e-350e7fb3851b,1256 PARKSIDE Drive East  98112 US,47.63154302100003,-122.29019453599994
4b4c1bb4-548c-41cf-9e42-1c5ef3c5751f,401 23RD Avenue East  98112 US,47.62276883000004,-122.30278902099997
24abe766-088b-4a74-aae7-cac1e4bff7bc,9001 35TH Avenue Southwest  98126 US,47.52273155900008,-122.37681591299997
049b37c0-aa0e-44d0-8a96-a06281fba743,8825 B STONE Avenue North  98103 US,47.69313163000004,-122.34173866999998
998850de-da73-42d7-8e1e-96820526face,8300 32ND Avenue Northwest  98117 US,47.68856663400004,-122.39796722499995
3d29c2a8-0c71-41a8-9e75-8c82d09b0e25,4035 47TH Avenue Southwest  98116 US,47.56738726100008,-122.39248574499999
c1cc088d-8047-4e86-ae22-f4cf1dc3af7e,3900 SUNNYSIDE Avenue North  98103 US,47.65444131900006,-122.32991118299998
557c6eb2-dac5-4a47-830d-50930b7afba3,3100 21ST Avenue South  98144 US,47.57576084900006,-122.30495433599998
94ae5195-44f7-445d-b403-9d87deb2fa78,2414 D Southwest HOLDEN Street  98126 US,47.53427771600008,-122.363872518
73da858a-e51f-4563-9e24-67fd32642e5a,916 West HOWE Street  98119 US,47.63622233000007,-122.36990898199997
83c4b465-299c-4c98-970a-197bc8c0841d,7416 39TH Avenue South  98118 US,47.53563921300008,-122.28330260199999
3f6403ad-b788-4555-a287-a6e12b00b2a1,6818 54TH Avenue Northeast  98115 US,47.67816956100006,-122.26997261099996
699b79c0-368d-4a1d-8605-9084d8b23c26,10435 15TH Avenue Southwest SEATTLE 98146 US,47.509002363000036,-122.35436730899994
5d1c5480-4ee0-432e-ad77-0c614bf12f81,908 North 71ST Street  98103 US,47.68047197700008,-122.34679434799995
685c8317-6564-4887-a613-6e137b12ab48,4416 South HUDSON Street  98118 US,47.557248618000074,-122.27725905099999
6ef8e7cd-e076-4546-898e-7476b8aee85f,1814 17TH Avenue South  98144 US,47.58650076100008,-122.31049247099998
ad9126de-0f1b-49d1-997b-fb30aee65dea,2438 LORENTZ Place North  98109 US,47.64110401600004,-122.353124004
96c4bc8c-b60d-4a89-88e0-6490788a7855,7047 35TH Avenue Northeast  98115 US,47.68081728100003,-122.29073056699997
936a5eb6-9f63-48d3-a640-e43e92383865,833 Northwest 67TH Street  98117 US,47.67757223900003,-122.36703952899995
1bfa6397-b548-41e9-ba32-b5aac4916fd2,1114 15TH Avenue East  98112 US,47.62919397700006,-122.31225229899997
00da0af5-ca1f-4929-aafc-a8ddd156b20a,646 16TH Avenue West  98033 US,47.68975702500006,-122.21268208199996
c9dcafc9-3494-409f-abbd-8f732239b356,6200 13TH Avenue South  98108 US,47.54755632100006,-122.315870556
4d91817f-a952-45cd-b650-cb84d74259b5,526 South KING Street  98104 US,47.59849278400003,-122.32654599499995
774562fc-f5d7-4701-b0f3-c8c39a02f8c9,9827 6TH Place Southwest SEATTLE 98106 US,47.51509570700006,-122.34340422999998
a350b5c6-1e61-43e3-be58-d435c6b875f9,3001 36TH Avenue Southwest  98126 US,47.577280908000034,-122.37732195399997
ad0c3c06-a143-4083-860f-179008af796f,409 Northwest 60TH Street  98107 US,47.672165981000035,-122.36232738499996
c8b1d54e-e18f-45f4-ad4a-a4d790072ad3,7508 FAIRWAY Drive Northeast  98115 US,47.683715353000025,-122.27572734199998
b295dbac-6dea-4797-8d5e-20c183318e52,224 WARD Street  98109 US,47.62834543200006,-122.35173031599999
208c01e8-6c01-4a98-a22a-ce8ec1905346,6727 CARLETON Avenue South  98108 US,47.54168440500007,-122.32226555499994
e4ab7ba2-9cff-4d5e-bfa2-15b93a57d5e0,6020 6TH Avenue Northwest  98107 US,47.67304310000003,-122.36368287599998
c73ffe77-977a-4cdd-9b8e-0bc627861404,3614 BAGLEY Avenue North  98103 US,47.65099879700006,-122.33241058699997
bba1d774-3889-44d5-8827-b7e7691bbcd8,217 South FINDLAY Street  98108 US,47.552450443000055,-122.33119644299995
06ea9658-83f2-477a-af73-26ed88ce22e8,4310 WALLINGFORD Avenue North  98103 US,47.65951457500006,-122.33585370099996
783b67a1-9ee0-4b05-ad0e-2c00cdcf8d43,1204 East JEFFERSON Street  98122 US,47.606338953000034,-122.31648031499998
7e99b979-0dfc-459e-aa7a-88d6737342ab,10126 51ST Avenue Southwest  98146 US,47.51229402400003,-122.39404601799998
dfbc7c0c-a55e-4aff-9481-4c262a656800,4000 East MADISON Street  98112 US,47.63420376000005,-122.28075186399997
8138171e-af6a-498c-ac12-6cd0df70b355,9222 3RD Avenue Northwest  98117 US,47.696756092000044,-122.36042297499995
5f187518-acb4-4a2f-b375-876e49dc7de6,1025 North 45TH Street  98103 US,47.66123515900006,-122.34492008599995
f827afd3-8ca7-4e33-808e-ad37769201aa,9424 VINEYARD Crest  98004 US,47.61948582100007,-122.214107921
6442394b-b0c4-4589-b8af-8c4c425bf109,7119 HOLLY PARK Drive South  98118 US,47.538463712000066,-122.28776567899996
b9f4fbfb-6d43-42cd-8c9d-86f358130f6c,1530 Northwest 53RD Street  98107 US,47.667392292000045,-122.37763621399995
df740184-088d-470c-9501-991d4b7050ed,9443 7TH Avenue Southwest  98106 US,47.51783063000005,-122.344519161
601c6f1a-9685-4113-8e6c-2b56b574e12d,7521 40TH Avenue Northeast  98115 US,47.683701247000045,-122.28554715499996
218b7751-4ad4-4a96-9525-1863cfd05dd0,2219 West BERTONA Street  98199 US,47.65015304600007,-122.38556307999994
be7d5c69-6e2e-44d0-871b-5edd94389b01,2810 West GALER Street  98199 US,47.63250278100003,-122.39366491499999
ba91c2d3-c5dc-4de3-a3f6-ab60bedb4122,5302 LATONA Avenue Northeast  98105 US,47.66731243800007,-122.32523502499998
bce6ec1d-33d4-4909-9e7d-38fe6b506e7e,3912 South WARSAW Street  98118 US,47.54333298900008,-122.28270633299996
f410770a-ee93-4006-ad4a-d130fd0453c3,7319 50TH Avenue Northeast  98115 US,47.68179417500005,-122.27469283899995
2060e192-a536-4733-80b7-802239deb05b,5427 Northeast PENRITH Road  98105 US,47.666779707000046,-122.26894948899997
0fb04395-3307-4ace-abcf-602c024e82a0,1122 HIAWATHA Place South  98144 US,47.59218832000005,-122.30710141299994
3239c831-59eb-477b-a028-192928d72018,1116 East PIKE Street  98122 US,47.614245449000066,-122.31734843299995
22718afd-41a0-43bd-903d-786af7bc4314,3032 B Southwest CHARLESTOWN Street  98126 US,47.57010236700006,-122.37213680199994
97730b68-0eb3-4b54-8f69-9835cd50fc35,7746 30TH Avenue Southwest  98126 US,47.53232553500004,-122.37093521099996
a74de46e-c700-44e6-a8d3-aea007538e11,3616 Southwest 102ND Street  98146 US,47.51215844800004,-122.37797124499997
b1514ff8-bdcc-45dc-9ac6-74eba17aa213,7745 1ST Avenue Northeast  98103 US,47.686392546000036,-122.328654385
c6dad69b-273e-4d4d-bf6d-d80aeb8ea1aa,863 20TH Avenue South  98144 US,47.59479243100003,-122.30654390399997
9aaba890-790d-4fb9-9052-80e39b6bdc12,8424 West MERCER Way  98040 US,47.52711467800003,-122.22846674199997
1be25b78-324f-4ae7-a1c9-e62e2bbbd167,1217 Northeast 61ST Street  98115 US,47.67210761000007,-122.31492211399996
09c6a340-9c70-4b26-bf84-f198c898987f,11033 35TH Avenue Southwest  98146 US,47.50361078900005,-122.37642987899994
5a89b948-3524-4dc9-9af1-2124a58997e1,119 North 41ST Street  98103 US,47.65617068200004,-122.35632647499995
7f6893f2-c0ea-4073-b3f1-b21a8cf87a5b,7707 15TH Avenue Southwest  98106 US,47.53343143500007,-122.35432339299996
67c985a6-f7c6-4f3a-8959-e5911e79e34e,9247 14TH Avenue Northwest  98117 US,47.697451165000075,-122.37449983199997
599b5979-e221-44e9-a7ff-42e8bba11d11,6203 GREENWOOD Avenue North  98103 US,47.674050796000074,-122.35564977699994
f7d8f4ea-9371-4daa-9f3d-77109de71b55,4220 South EDDY Street  98118 US,47.545349298000076,-122.279898447
ca742faf-537d-4bf2-aefc-ccfbf7b72b19,2908 23RD Avenue South  98144 US,47.57717180800006,-122.30307392499998
5aab1dcb-5324-44ba-afbc-e52fb671ac42,8616 LINDEN Avenue North  98103 US,47.69186883500004,-122.34694255999995
64a6e3e1-485b-4ee7-a960-d4fd51370c5b,3610 PHINNEY Avenue North  98103 US,47.652649660000066,-122.35423396599998
c302f270-a86d-47e6-957c-1fecc1b0846b,7620 Southeast 22ND Street  98040 US,47.59186679800007,-122.23674151099999
1907f57b-30cb-4b3a-8056-012ccd02909f,2131 North 86TH Street  98103 US,47.690926896000065,-122.33240494799998
05e8b21c-f078-4d53-943b-10c55713021b,5241 LAKE WASHINGTON Boulevard South  98118 US,47.55367546100007,-122.26123587799998
e238c7c2-547e-4830-9760-6b1ad8f033c2,8001 37TH Avenue Southwest  98126 US,47.53111473900003,-122.37956812699997
df0ce4ce-27ca-4e99-aac1-b07a5ef4e639,512 Northeast 86TH Street  98115 US,47.69145358000003,-122.32238701299997
07dbd9be-2634-4cc9-981d-9de81a64c6e1,8437 Northeast WOODLAND COVE Drive  98034 US,47.69926078200007,-122.22611358999995
e8139da9-3195-48e5-bb43-81cdc50276ef,2216 12TH Avenue East  98102 US,47.63884892800007,-122.31702297599998
feea3d99-9e6b-431d-b793-2ac2bbd6b655,4296 LITTLE CANOE CHANNEL Northeast  98195 US,47.659734652000054,-122.30471429599999
6ecbf9cd-4730-40e9-86a5-f6badbc7466b,2525 1/2 EASTLAKE Avenue East  98102 US,47.64295006400005,-122.32636295399999
26807263-2fe1-4d38-b00f-a8c6ffe16d59,1110 Southwest TRENTON Street  98106 US,47.52488839200004,-122.34983666199997
7ba462ef-ad25-4931-b0c2-1f1998a6b11c,3219 South DEARBORN Street  98144 US,47.59561104900007,-122.29055767799997
760d8b98-64cd-4b2b-bdd3-37440977c837,2539 39TH Avenue East  98112 US,47.64212623800006,-122.28298159299999
63984775-49e5-421d-9362-16d463266235,6231 4TH Avenue Northwest  98107 US,47.67514337800003,-122.36219787899995
d9edc03b-72f6-469c-9e7d-f3e56e5c33eb,8750 MARY Avenue Northwest  98117 US,47.69358171400006,-122.37504548199996
9dd64139-bda2-4e58-8696-bb8f23cb767f,7204 DUMAR Way Southwest  98106 US,47.53779799100005,-122.35819938799995
773ca31d-4d3d-46b2-9dbe-788dc4c867e9,415 Northwest 65TH Street  98107 US,47.67585907600005,-122.36250126199997
ee254901-78a5-476a-afa9-227e6672e7c2,2427 30TH Avenue West  98199 US,47.640454042000044,-122.39595441999995
e79fc4a7-24c1-4f1a-a37f-a8f5d4d2a6a8,3618 28TH Avenue West  98199 US,47.65290257000004,-122.39251230699995
2bbcbe92-1fdc-47f0-9ff8-951e6d54ee94,912 Northwest 85TH Street  98117 US,47.69079163200007,-122.36886453999995
03b007de-a3b9-44ec-9106-19ba92921e7b,6641 A CARLETON Avenue South  98108 US,47.54326648300008,-122.32189779999999
c2dd2897-99a4-43b5-9e26-965df8b13cf4,632 B Northwest 85TH Street  98117 US,47.69091576500006,-122.36471047099997
ab67a31c-ae57-45b6-b8c3-70db8f4d5f0b,3435 MERIDIAN Avenue North  98103 US,47.64880044600005,-122.33436192499994
6b6c2342-fda7-4d43-abc2-637fa319568e,5137 25TH Avenue Northeast  98105 US,47.66749538800008,-122.30095470499998
dcec7e29-06cb-40bb-a90d-42cad83dd83d,3411 97TH Avenue Southeast  98040 US,47.57946493600008,-122.20954281799999
e6bddff4-70c0-4375-8cb4-2b9d92c33d72,4727 BEACON Avenue South  98108 US,47.56016819800004,-122.30525765299996
3edaadee-83bc-428e-8ec8-46aa57c2ea65,1528 24TH Avenue  98122 US,47.61501818100004,-122.30112039499994
3eaaeb1e-10f6-4c83-ae26-4f30ff7920ee,9018 3RD Avenue Southwest  98106 US,47.522177086000056,-122.33869372299995
508a556f-be32-4daf-8e4d-20400a3dfc37,711 COMSTOCK Street  98109 US,47.63045171200008,-122.34300848799995
a9f0e85d-02da-4e33-bc69-8e79627b7deb,1086 BELLEVUE Square  98004 US,47.61584713800005,-122.20366753599995
894e752c-41d7-4fa2-9fa8-58491f3e783c,1512 BROADWAY  98122 US,47.61452948700003,-122.32038375299999
9f4bff1b-15f4-47c3-8318-019e772ad247,10937 5TH Avenue Southwest SEATTLE 98146 US,47.50540797900004,-122.34141053899998
2326aed1-12d5-465d-91b4-938e52991624,9002 Northeast 10TH Street  98004 US,47.61993516100006,-122.219783227
d99ffdb7-2eca-4f5d-bdf6-577c7a8f16e6,8002 FAUNTLEROY Way Southwest  98136 US,47.531432832000064,-122.39240830299997
8aff3577-6ed1-41c9-a5df-2df5ccaebadf,6066 52ND Avenue Northeast  98115 US,47.674266533000036,-122.27102338799995
d217de4a-33a4-464d-a875-58a884b4e6e7,8608 24TH Avenue Southwest  98106 US,47.526169011000036,-122.36274205299998
d0ac2f30-74ca-41e5-8f77-96cedb44f6ca,5030 42ND Avenue South  98118 US,47.55607013600007,-122.28035837199997
b1f66090-6139-4326-a1cf-bc9875bd3a0e,5519 27TH Avenue Northeast  98105 US,47.66913336600004,-122.298836258
e81fdb0e-193e-4971-a69c-e9ef83cdc61a,4809 29TH Avenue South  98108 US,47.55932827200007,-122.29619930099994
4d0619f0-b6d9-47ee-8f50-15055c301136,1811 North 44TH Street  98103 US,47.660170331000074,-122.33568920999994
9111749b-9f29-4e03-a7f4-82180f9a3402,5819 45TH Avenue Northeast  98105 US,47.67182702400004,-122.27974739199999
e36637cf-d5e3-4167-a9aa-9cf9349949b1,9615 46TH Avenue Southwest  98146 US,47.51709427800006,-122.39199450599995
46928e73-de53-430e-a24c-29b47ad3dd0c,8407 36TH Avenue Southwest  98126 US,47.528029727000046,-122.37861645799995
d1e73749-0dd4-43ee-bf05-43a3647c60c8,11028 17TH Avenue Southwest SEATTLE 98146 US,47.50406955600005,-122.35615246099997
17352117-491d-4cc0-8b37-da75a688d92c,3845 81ST Avenue Southeast  98040 US,47.57547466900007,-122.23133388199994
b3cbf0b8-2c23-4efe-b47e-74a4f0bb2bb2,5027 51ST Avenue Southwest  98116 US,47.55667127500004,-122.39850875499997
e7e0ca06-c587-4fcf-a08d-709f7509756c,2517 28TH Avenue West  98199 US,47.64167314900004,-122.39333552899996
5e339eee-a5ac-40a8-a88d-d2c575818da8,6188 92ND Avenue Southeast  98040 US,47.54689147100004,-122.21438579599999
72cf068d-44db-47e4-af26-c234abd17dc8,5340 West MERCER Way  98040 US,47.55365097400005,-122.22890307099999
7ae6b1fb-5ebb-4693-b549-fd7c439546b2,4053 Northeast 87TH Street  98115 US,47.69140637600003,-122.28312740899997
77eaffff-ada2-4b92-a6df-8d197fe80555,1757 B 19TH Avenue South  98144 US,47.58746633100003,-122.30863695499994
c0f0b075-0cc0-4734-bfdd-5ba37ad8a26a,1317 6TH Avenue North  98109 US,47.63106645700003,-122.34539967099994
3e8bd171-4cf3-499e-92b5-00d02908c2e0,465 South HOLGATE Street  98134 US,47.58580346800005,-122.32629167299996
3e0b269e-ea92-42eb-838b-40c483ce8ea8,1330 South FERDINAND Street  98108 US,47.55881584900004,-122.31469131999995
c44f160a-63c3-4564-8bd2-2bedfad6fea2,544 South CONCORD Street  98108 US,47.52412471300005,-122.32639176499998
304773c6-a792-4a01-ad66-b72b61e7d3e6,1119 26TH Avenue  98122 US,47.61219160300004,-122.29913171799996
9748d1dc-86f5-46e4-ac3c-3312b64fde00,3925 15TH Avenue Northeast  98105 US,47.65404000600006,-122.31255693999998
77033127-6c94-4117-92da-95ad376621e0,11454 70TH Place South  98178 US,47.500338028000044,-122.24672146799998
c7d5e111-8f89-40ed-b28c-94bb1ac198e1,6254 FLORA Avenue South  98108 US,47.546010144000036,-122.31917861399995
bbec5834-90c5-4300-857b-fd73fdd6bd63,611 1ST Street  98033 US,47.68018888200004,-122.20862124899998
d63b0966-7be0-45da-8e5d-59e120590f1e,8830 11TH Avenue Southwest  98106 US,47.52372587000008,-122.34899726399999
3d0ae96b-fd45-46c8-8442-5edfaaad4ca9,4554 DELRIDGE Way Southwest  98106 US,47.561350720000064,-122.36260162899998
5c0c9d65-8e8e-4ec2-b955-a17b5b9fa2e8,9001 Northeast 40TH Place  98004 US,47.64582322000007,-122.22168147599996
ab697632-b499-4c92-8106-3f6fc75c202e,6465 SAND POINT Way Northeast  98115 US,47.67547873400008,-122.26472466099995
74a98d02-4afd-4998-bdd8-c38ab49811f4,7107 78TH Avenue Southeast  98040 US,47.53911421400005,-122.23538604299995
9e9de43e-1e2f-4232-a6f5-8f0e686dc849,5523 32ND Avenue South  98108 US,47.551799585000026,-122.29186539499995
9a9666b7-2f48-4a8e-98c3-55a9177eea74,10244 9TH Avenue South SEATTLE 98168 US,47.51094155800007,-122.32099396299998
3a7e60a1-26f2-4d48-bf50-9e5805b558d6,4049 30TH Avenue West  98199 US,47.65745231100004,-122.39642229399999
6459d136-1024-4f1b-9aa8-c21b10b6f6d5,6836 28TH Avenue Northeast  98115 US,47.67870624500006,-122.29712051099995
43608675-ff94-4418-a5a3-6abf0169f97c,650 Northwest 84TH Street  98117 US,47.69000862200005,-122.36556980099999
697628ec-49cc-46a2-8e2b-4eae9dd31851,5812 West MERCER Way  98040 US,47.550359488000026,-122.23032450199997
c59484f6-3e57-41e8-aef2-94ac535ceeb6,1770 A 19TH Avenue South  98144 US,47.58723214300005,-122.30792196199997
7c767957-15bf-4688-b48b-20d65e3895e7,10305 Northeast 60TH Street  98033 US,47.66088372000007,-122.20317395499995
3a787a6c-8672-4456-b8c2-3e979f7de7a0,3057 50TH Avenue Southwest  98116 US,47.57588245000005,-122.39567645799997
561654c6-c99f-4237-b340-1ee8d788fedb,3701 Northeast 45TH Street  98105 US,47.66101251900005,-122.28799665599996
77a4df95-f2e1-4fc3-b430-8000c64b48af,6829 WEEDIN Place Northeast  98115 US,47.67873586700006,-122.32227135299996
afdbbf38-0dc0-4e5c-86bb-6ad5296757a0,9320 Northeast 24TH Street  98004 US,47.63222630900003,-122.21596888099998
2c65df34-d2e6-494b-8028-18629342c7a5,402 DETWILLER Lane  98004 US,47.600799144000064,-122.20613231399994
51046ce9-e79d-456b-9b90-76af77588384,11266 4TH Place Southwest SEATTLE 98146 US,47.50208189400007,-122.33939409599998
9a73793b-4222-4a5a-a0eb-465db8d90662,2954 Southwest RAYMOND Street  98126 US,47.54878771400007,-122.37053827599999
94b6ad88-80a8-4129-90dd-d49b6ad7535d,11232 OCCIDENTAL Avenue South SEATTLE 98168 US,47.50211388500003,-122.33201736099994
a6f3fb80-e754-4e4f-82ac-7c38813ef4f8,4815 B DELRIDGE Way Southwest  98106 US,47.55878719100008,-122.36341192799995
42a75803-491f-4aa5-af44-0c74c6eecdbd,4218 SUNNYSIDE Avenue North  98103 US,47.658662538000044,-122.32991587699996
de75d643-0bc7-4acf-803f-5999fbb4bc16,6639 WOODLAWN Avenue North  98103 US,47.677760026000044,-122.32981838199998
dd1d2b36-1c7d-44b8-83a1-24cb1db73530,1015 8TH Avenue North  98109 US,47.62837734400006,-122.34125071499994
700dc6f8-8e34-4214-9ed8-6f0cb7ab3c41,5928 21ST Avenue South  98108 US,47.54918539200003,-122.30619137599996
2b16a41e-5343-4e2c-be22-c79dcfd8322d,5806 B 14TH Avenue Northwest  98107 US,47.67122047700008,-122.37326460999998
6bdf8516-05cd-4384-996b-5ff69e48d252,1259 Southwest ORCHARD Street  98106 US,47.538020833000076,-122.35295594399997
f1ae9d8b-90ca-4c7f-a9bd-9cd266022e2b,6833 D WEEDIN Place Northeast  98115 US,47.67879105000003,-122.32245458699998
915e527b-c61e-436a-8415-7af29d34ebf9,1522 12TH Avenue  98122 US,47.61480963300005,-122.31655964199996
762104a0-7312-453e-852a-61144db74f5b,9017 LINDEN Avenue North  98103 US,47.69469951700006,-122.34755664999994
11fa9630-a5a0-4b38-8a67-b91c976adbfa,7724 58TH Avenue Northeast  98115 US,47.68550579500004,-122.26592287999995
8db8775e-1e60-403a-a9ed-f2660803bdf8,6025 48TH Avenue Southwest  98136 US,47.54778651100003,-122.39409972399994
0838037e-7d11-4005-80c9-d8aa46925cf3,4213 PHINNEY Avenue North  98103 US,47.65818184500006,-122.35471745699999
f78cc8e9-9cbd-4c45-b064-359355eaf3e0,620 South DAKOTA Street  98108 US,47.56748735300005,-122.32573614599994
ec325a29-0d15-4380-b60d-91554491aae3,3910 Northeast 50TH Street  98105 US,47.66511933400005,-122.28546593099998
eb9e7d7c-99bb-4277-92c9-b3ec00468bc7,9430 Northeast 31ST Street  98004 US,47.63859441000005,-122.21472571399994
d2208cc1-6444-4a8d-a993-1f7a31624739,4723 42ND Avenue Southwest  98116 US,47.56040133100004,-122.38576198599998
3a58a4bc-2488-47f3-a459-28e050813300,6552 34TH Avenue Southwest  98126 US,47.54314142900006,-122.37483327599995
1eed0a69-fbfa-4f78-9294-a815235f383f,11445 70TH Place South  98178 US,47.500646731000074,-122.24723799899999
2f52a9b6-0c1b-4aa6-88e9-11526b019168,2030 1ST Avenue  98121 US,47.611773139000036,-122.34350459899997
5d93d048-69d6-43b8-b27b-c7b7a28f0519,4130 West MARGINAL Way Southwest  98106 US,47.566995716000065,-122.35095933899998
4cb46fd4-a549-4177-8cda-fcdddfbad002,3021 23RD Avenue South  98144 US,47.57602366400005,-122.30361488399996
41e4e36e-5f7e-4218-bedc-0a8f9ff20ead,516 YALE Avenue North  98109 US,47.62368304900008,-122.33015352399997
216a7870-b9d7-4823-b077-4741df363224,4731 COTTAGE Place Southwest  98106 US,47.560089935000065,-122.36235165999994
3ec1c817-b398-487b-be89-6a37a3d7deef,4050 Southwest ADMIRAL Way  98116 US,47.581326543000046,-122.38360408799997
b172963f-7397-4032-86d9-4935065c04dd,3820 34TH Avenue Southwest  98126 US,47.56937390000007,-122.37479062599999
d9434a2a-a240-4c38-9f80-9c21331f68a7,2120 31ST Avenue West  98199 US,47.638342041000044,-122.39691820799999
99e6e424-2570-46ac-bb07-cb40f8821ea5,5934 32ND Avenue South  98118 US,47.54878251300005,-122.29125320399999
56ca0664-2c7a-4cce-b866-03495b2320ef,1117 North 85TH Street  98103 US,47.69027597200005,-122.34361492599999
cb216a20-fe2a-4995-b057-dc381826c342,3817 B 12TH Avenue West  98119 US,47.654563643000074,-122.37251346599999
559933af-4ab7-44f5-b2dd-6e7d99ac6d52,307 Northwest 70TH Street  98117 US,47.67935391200007,-122.36088606199996
b1659207-8e05-4bdb-9f1d-cd58eca1dc79,116 B 21ST Avenue East  98112 US,47.619035919000055,-122.30434018899996
766b8f10-eba2-46f4-a52c-a439423777e5,604 South RIVERSIDE Drive  98108 US,47.53537467900003,-122.32633293099997
746e5bc9-c65d-48f9-bd3f-3953911b8c7c,920 BROADWAY East  98102 US,47.627501248000044,-122.32105830699999
d2010de2-293d-40e4-b062-d20c5e65c6ff,1144 21ST Avenue East  98112 US,47.62999271600006,-122.30444368699995
7eb1730f-108d-4fc9-9d04-686e3424cd29,201 South TRENTON Street  98108 US,47.52444572600007,-122.33143746299999
7856aaf8-b163-400b-9d08-497cd71b91f4,11030 4TH Avenue South SEATTLE 98168 US,47.504376156000035,-122.32840186199996
3cd81907-3219-43ad-af96-630c6f774ab5,1602 44TH Avenue Southwest  98116 US,47.589135329000044,-122.38725683999996
be37ad2c-243e-4a62-8903-86e71f3bb83c,2311 MCGILVRA Boulevard East  98112 US,47.63948635000003,-122.28110512299997
78058919-1398-4b71-ba09-1800b51940ce,6405 A PHINNEY Avenue North  98103 US,47.675341521000064,-122.35459124699997
19514e0c-659c-4e2e-8347-ae163d320bc7,2815 BOYLSTON Avenue East  98102 US,47.64625877600008,-122.32367227999998
bfad259b-3edd-4767-8a3f-8ef1bd00c254,5252 CALIFORNIA Avenue Southwest  98136 US,47.55418430200007,-122.38663392099994
6821437d-8858-4e14-a7cc-3365db4bf6cc,6521 31ST Avenue Southwest  98126 US,47.543919963000064,-122.372864059
8c1458b1-ce10-457b-b9de-e5b9a9a4c518,3050 19TH Avenue South  98144 US,47.57553725200006,-122.30729401999997
e74c093d-f96a-45ba-981a-9dbdd7fed036,8054 A 16TH Avenue Northwest  98117 US,47.68835696200006,-122.37745006299997
95563e18-3d14-4452-82b1-ca9221a12391,4628 South FRONTENAC Street  98118 US,47.539988668000035,-122.27411294999996
ac34d7e0-955b-49e0-b37b-b0947299657e,3712 78TH Avenue Southeast  98040 US,47.576981757000055,-122.23430990499998
d4aa5045-7bdd-4235-a7dc-c7ef9959c2e1,3718 Southwest WEBSTER Street  98126 US,47.53613132800007,-122.38026802799999
512c0530-115a-4e24-a761-d33f18e98970,3915 40TH Avenue Southwest  98116 US,47.56877650700005,-122.38309841399996
7bd7e9a7-0fc0-4fb5-8216-99b311c74b62,6658 East GREEN LAKE Way North  98103 US,47.678139643000065,-122.33025558299994
c3c41b16-079d-47aa-98de-3596b3705911,9100 20TH Avenue Northeast  98115 US,47.69493791700006,-122.30650287499998
e2f1d818-4c05-4618-8b53-4bd9178dee5b,5890 Northeast PARK POINT Drive  98115 US,47.677567649000025,-122.26401057199996
642723b1-7167-4785-ada6-59beb2f5aabe,1221 41ST Avenue East  98112 US,47.630458962000034,-122.28031346499995
5efe9386-1571-4e34-b7cd-351f91511142,10842 3RD Avenue Southwest SEATTLE 98146 US,47.50542741800007,-122.33720238499996
74bf3c4b-d538-4774-81a0-5437e9b1ba81,10642 18TH Avenue Southwest SEATTLE 98146 US,47.50745625300004,-122.35743738299999
d3438ee9-2bec-4e09-b583-cffdf34e1d13,6538 24TH Avenue Northeast  98115 US,47.676953738000066,-122.30135727099997
857f6197-0744-4f7d-9f49-118f8f688a8e,6534 4TH Avenue Northwest  98117 US,47.677074084000026,-122.361209541
995764cf-bc1b-481a-8a84-1e2ad239ac70,4352 Southwest FRONTENAC Street  98136 US,47.54090693300003,-122.38959993799995
ccb9acc0-3e9b-4f9c-9a4a-680052b6fc7a,3624 Southwest 112TH Street  98146 US,47.50330793000006,-122.37920583199997
14f65d30-f1f2-45a0-b80e-cd9be08c9979,4622 PALATINE Avenue North  98103 US,47.66308186200007,-122.35627805699994
4d56a89c-3bbc-4f68-bae9-30b81f28e60c,734 34TH Avenue  98122 US,47.60896262400007,-122.28911892899998
1f140bc3-0278-4273-93ee-02cf23419eaf,4631 South FONTANELLE Street  98118 US,47.53564399100003,-122.27400853099999
9f141caa-8fb3-401f-b077-0920fd1d4f16,8315 5TH Avenue Northeast  98115 US,47.68957701700003,-122.323367099
caa62f73-468a-41be-b6c1-a067e582c8af,4600 CORSON Avenue South  98108 US,47.561526713000035,-122.31667142399999
2a444d5e-2bfc-48ff-89be-a66ccce16aae,211 West CROCKETT Street  98119 US,47.636975257000074,-122.36019593399999
7ae5d3f8-10f8-4182-893b-a61c4575965e,4208 C EVANSTON Avenue North  98103 US,47.65804712700003,-122.350808057
80396427-6eb5-4086-8ae0-1e9de7d00f8c,4980 LEWIS Place Southwest  98116 US,47.55759837100004,-122.38824623399995
5b59930f-069c-45dd-9b0a-5a507b37ebbe,4560 52ND Avenue Northeast  98105 US,47.66299302200008,-122.27123494899996
6442b704-276f-4fd3-9317-713005cb1a34,216 West ROY Street  98119 US,47.62597593000004,-122.36001809199996
1213f20f-a87f-40cf-999f-59fb8a40b012,9231 34TH Avenue Southwest  98126 US,47.520056974000056,-122.37575338599999
a73cedb2-e74d-4edc-b841-de6fb53d4f62,1403 North 36TH Street  98103 US,47.65041509200006,-122.34111473399997
6fd634c8-1cb5-4a72-a508-c51a0d94320e,915 South CARSTENS Place  98108 US,47.550899601000026,-122.31948117599995
2001c9ae-8260-49b9-bb93-db2a69d73a62,9030 B 13TH Avenue Northwest  98117 US,47.695156773000065,-122.37218422599994
e76d4a6a-f791-4d28-b6e3-a7fd434729d1,676 South INDUSTRIAL Way  98108 US,47.566264739000076,-122.32440367599997
3df0f683-7d1d-4495-8e1e-a9b5e04c20a6,7009 6TH Avenue Northeast  98115 US,47.67981532200008,-122.32204838299998
4faa0b9a-8775-4150-a33e-4eb0ea76810f,5228 15TH Avenue Northeast  98105 US,47.66727539200008,-122.31158014199997
16da163a-2dfc-4297-847a-3ba694bf0d65,4001 AURORA Avenue North  98103 US,47.65568133700003,-122.34763107599997
8a7d354a-f581-4602-aed4-e2b2190f6811,4709 50TH Avenue South  98118 US,47.560288994000075,-122.27098088099996
13ba828b-9151-4efd-ad38-4fab6dce12b5,4968 13TH Avenue South  98108 US,47.55730585300006,-122.31574840199994
eac24b35-4788-4895-8426-bb29380d2cbd,5129 South FARRAR Street  98118 US,47.55539108500005,-122.26850443899997
92d7e0d4-f6b5-43a4-914d-84e23bc52ac0,9675 51ST Avenue South  98118 US,47.51479102400003,-122.27037184899996
afa6947e-bd3d-43d8-8156-127e8b7cca01,2600 ELLIOTT Avenue  98121 US,47.61444492500004,-122.35167518699996
1639e478-20b5-4770-8e98-a2f0ad3d0eb2,817 South SULLIVAN Street  98108 US,47.527151666000066,-122.32209821499998
0d5c7773-3600-4381-b858-96c4b02e75f3,3120 100TH Avenue Northeast  98004 US,47.63944584600006,-122.20658819599998
e462a9bf-ecc8-4ec3-adb5-0f2dcb6765f3,4920 B South WILLOW Street  98118 US,47.54106676400005,-122.27062944199997
c965f8a9-1562-4c72-9aa2-118022d5ec6d,5526 17TH Avenue South  98108 US,47.55261003500004,-122.31079855799999
c1a0932b-056f-43cd-8de5-a2be7291498d,1824 Northwest 89TH Street  98117 US,47.69408347900003,-122.38104161299998
07e285c4-0ca9-426e-80d9-284d59bc2e9f,6032 41ST Avenue Northeast  98115 US,47.67316974100004,-122.28315613199999
f22929fb-7a74-49b1-8b11-3578fa9af79e,1503 SHENANDOAH Drive East  98112 US,47.632082009000044,-122.28964996599996
077a54f7-ee0f-47a9-a8b0-d0fce8409346,5922 A 35TH Avenue South  98118 US,47.548237922000055,-122.28859431699999
41a5c8ff-8343-4ec5-a600-ed4ed85e1563,7925 18TH Avenue Southwest  98106 US,47.531046986000035,-122.35808019299998
e6986a3c-40a4-4554-8282-b2ddc50b9160,2300 South JUDKINS Street  98144 US,47.592032869000036,-122.30230517899997
5d10753e-5b35-4ddf-a1d0-aef292a000f1,11441 5TH Avenue South SEATTLE 98168 US,47.500255769000034,-122.32737885599994
3e525f0f-8967-4257-8d9b-f0af73115566,716 B MARTIN LUTHER KING JR Way  98122 US,47.60854455200007,-122.29584885699995
4ca3fbd0-b60f-4def-a778-610a09410fa6,10528 55TH Avenue South  98178 US,47.506345503000034,-122.26452767699999
ec4fa99a-446e-4f21-a54a-3d647790f54a,7329 FAUNTLEROY Way Southwest  98136 US,47.53721683300006,-122.39216797899996
92a29b23-d564-4145-82f1-1972e5e2c7a0,725 18TH Avenue  98122 US,47.60884862200004,-122.30925004099998
741dd85e-723f-469d-8faa-9a807cf1698f,7525 14TH Avenue Northwest  98117 US,47.68397147100006,-122.37440405499996
f39b5946-2df6-45b4-81de-5b40ab64fa84,4737 46TH Avenue Northeast  98105 US,47.66420690500007,-122.27861635699998
ac072aef-7bfc-4e01-bd6d-4fa6f0a1d53a,5123 Northeast 70TH Street  98115 US,47.67922737200007,-122.27200004499997
4b178f2b-959c-4ab2-ad18-676d22023b1c,6523 SYLVAN Way Southwest  98126 US,47.544214827000076,-122.37179186899999
1741692a-23e6-4d80-a720-dc585e73cd63,1467 21ST Avenue  98122 US,47.61492197600006,-122.30522820899995
5379e0b6-8e0c-4a4a-90d5-ebb10cf9ae8f,4115 85TH Avenue Southeast  98040 US,47.572162595000066,-122.22595520199997
964097bf-8e73-4694-8920-95551833f7b7,120 North 54TH Street  98103 US,47.668126432000065,-122.35642171799998
f8adf2dd-5b02-4f04-8567-d99819c0dc78,8815 Southeast 37TH Street  98040 US,47.57676003200004,-122.22137415699996
6529e1bf-5b99-4e5e-9393-866a8363c719,2036 FRANKLIN Avenue East  98102 US,47.63774898500003,-122.32443453599996
d530b01f-4a2e-4cfe-8db8-0b9077295a56,5922 47TH Avenue Southwest  98136 US,47.54966381500003,-122.39216101599999
0501b7c7-cf2e-44e8-9b08-69fdd74e0412,2116 North 35TH Street  98103 US,47.649343301000044,-122.33305469599998
603415e5-568e-428c-85d9-945ea8c3ae63,910 South 101ST Street SEATTLE 98168 US,47.51313734100006,-122.32063894999999
4d42fefe-e749-49a0-8630-3e7b1bc2bc2d,8515 Southeast 78TH Street  98040 US,47.533129065000026,-122.22484476799997
4d6f1a51-a78a-4f1b-b97e-e6f3d3a375e4,4504 18TH Avenue Northeast  98105 US,47.66146241700005,-122.30805780299994
2f2cda67-c887-4bd2-960a-c1fad132275a,2802 22ND Avenue West  98199 US,47.64490529300008,-122.38438693999996
8b3d4550-d49b-44c4-a485-ab44ebfab159,1628 23RD Avenue  98122 US,47.61618918600004,-122.30212599599997
25574360-72df-4363-9805-3e53711a3b56,9326 Southeast SHORELAND Drive  98004 US,47.60829380800004,-122.21215444999996
2df65f10-c127-4830-9846-adf3cb9e4fde,3001 Southwest CYCLE Court  98126 US,47.549250717000064,-122.37206471799999
9f40ea1a-00fb-4af6-b547-1a00d58a3322,3009 BELVIDERE Avenue Southwest  98126 US,47.57706832300005,-122.37950798099996
a8e64146-c4ee-43b5-be3d-5b3f18b59415,1410 QUEEN ANNE Avenue North  98109 US,47.63172789600003,-122.35631861099995
e4a41a69-c220-4d65-831a-3a68879c67be,4324 WHITMAN Avenue North  98103 US,47.66027687500008,-122.34542082799999
9bd6c4cd-2447-4051-9be6-3ac283d8fffd,21 West COMSTOCK Street  98119 US,47.63019029600008,-122.35737799199995
a92c2c3a-0905-4ca1-bac4-6173a92699cf,520 South FRONT Street  98108 US,47.54840512900006,-122.32750879199995
e58b9fc9-d60e-4b9c-a226-af38345b3756,2450 1ST Avenue South  98134 US,47.58042228800008,-122.33397045699996
919eaf39-8b42-4e02-bb03-4ded46ebd74e,423 STEWART Street  98121 US,47.612665622000065,-122.33798715599994
bf93fc33-b049-4a3a-ade2-738081642bf8,9255 21ST Avenue Southwest  98106 US,47.51946202600004,-122.36077350699998
47c97558-1488-4645-9bd6-a177c1f1648f,6200 14TH Avenue Northwest  98107 US,47.67394123500003,-122.37327396499995
e3629d23-a180-4104-930f-b89ba9d8b62d,2720 South JUDKINS Street  98144 US,47.592176368000025,-122.29665227299995
cb41d3ae-5009-4958-9474-7a833b6e2ca2,1400 South LANE Street  98144 US,47.59687983900005,-122.314298985
1df6cd5a-f932-4921-9829-2efa6c3b92c1,3603 29TH Avenue West  98199 US,47.65243905300008,-122.39455639599998
5ea63ed0-5f7b-4d70-a50b-919e06390aba,8008 26TH Avenue Northwest  98117 US,47.68714666900007,-122.38946608199996
9260f0c2-22b6-49e5-8db7-82f84cfd1e63,1628 92ND Avenue Northeast  98004 US,47.625377349000075,-122.21634721099997
98888035-4bbf-4656-99f8-cdf9fb7a1044,2426 3RD Avenue West  98119 US,47.640407706000076,-122.36058939499998
d9f90f44-dc0f-4daf-b68f-b629e4c4de69,1021 EVERGREEN Drive  98004 US,47.619883541000036,-122.21619528399998
fa9b16d9-74f1-4300-bdc9-11c8a7d3b6f2,2727 FAIRVIEW Avenue East  98102 US,47.64481766600005,-122.32867228499998
2dd01fe9-f1ef-45ea-819b-cedddd946870,3811 East CROCKETT Street  98112 US,47.637167946000034,-122.28350618999997
f1db286c-34f2-4218-ab0d-855edbc4b6cd,2601 Northwest 92ND Street  98117 US,47.69578136400003,-122.38976337399998
d34ea851-d26f-481a-850f-1ae253a9fa4c,436 7TH Avenue  98033 US,47.68077002200005,-122.19998264499998
4d5f7bb6-5679-4e56-82ca-87111bfbd8a8,8028 CORLISS Avenue North  98103 US,47.68781103500004,-122.33064548599998
745dc00b-7ed8-43ae-adbb-3aa3cff1c5d5,159 BOSTON Street  98109 US,47.63804307000004,-122.35383446899999
9760d969-c08d-4afc-a2af-6f2e24c9380f,1016 South SULLIVAN Street  98108 US,47.527482031000034,-122.31938119699998
72a67eed-4e51-4a6d-b123-fc2efa93bf27,5733 CONISTON Road Northeast  98105 US,47.670104378000076,-122.26913809199999
4f39a829-b26f-4f87-92f0-0d5f3ce9fad5,2659 South MORGAN Street  98108 US,47.54426973300008,-122.29728687499994
9797c6f7-3a3a-4a12-9ccc-fbcac54ee97b,3130 ELLIOTT Avenue  98121 US,47.61823089200004,-122.35769282599995
95762429-7120-4dd9-9d42-97b45464df96,2001 West GARFIELD Street  98119 US,47.63035085900003,-122.37974597099998
cd24b5cb-ea74-4bde-bb83-8f392de650da,938 MARTIN LUTHER KING JR Way  98122 US,47.61123332300008,-122.29592458399998
13af86ab-d68a-4679-b558-5f27828e0ccc,2818 Northwest 69TH Street  98117 US,47.67896960000007,-122.39384464799997
db6ac133-a16e-462a-8bdf-0ee49e6aef34,8856 2ND Avenue South  98108 US,47.52295879900004,-122.33151181999995
4f2c5836-e3af-4024-9346-1766b83ab2a5,107 Northwest 62ND Street  98107 US,47.673871837000036,-122.35786141299997
8b68dfe1-a680-4af9-9edd-f7fc9d3d8890,18 HOLLY Lane  98040 US,47.56923395000007,-122.23426698899999
f21bc908-f886-44a1-b3f3-e42e1aecf400,6401 Northeast WINDERMERE Road  98105 US,47.66868668400008,-122.25902933799995
0ade6365-e82b-4af2-8a6a-bbbb29f1a65b,408 North 62ND Street  98103 US,47.67405443000007,-122.35384177599997
a769c8af-d409-46ab-bf96-541d92aa5fa6,3670 B DAYTON Avenue North  98103 US,47.65388055100004,-122.35212707999995
599a0583-fe15-413b-8a0b-95a498236ddf,4114 47TH Avenue South  98118 US,47.56596038100008,-122.27409347599996
107ade36-92b5-4370-83cc-9310d7566d0f,910 31ST Avenue South  98144 US,47.594031389000065,-122.29238060499995
29ed542a-c659-4bbc-ae4c-880e9cb4280d,6503 Northeast 61ST Street  98115 US,47.67260759800007,-122.257830765
d5f70df7-3c9f-47f9-b478-ca6a86f11a7c,2615 28TH Avenue West  98199 US,47.64367361500007,-122.39330546699995
4630dc17-3f8c-422e-9c88-ad3f757f2d79,606 Northwest 85TH Street  98117 US,47.69086763800004,-122.36374156299996
4765e907-f75b-4a92-89ef-c40ba2c56674,6348 24TH Avenue Southwest  98106 US,47.545167940000056,-122.36336947399997
dadc9d32-b036-4046-a435-aea7cd2129b2,4718 INTERLAKE Avenue North  98103 US,47.663434290000055,-122.34036845199995
45d1f2a6-6caf-4f11-99ff-cf5dce53e787,10765 14TH Avenue Southwest SEATTLE 98146 US,47.505925956000056,-122.35333815899997
2e42f5b2-6505-4087-81d9-e90073bfd8ee,2010 East GALER Street  98112 US,47.63253320800004,-122.30535169999996
b5d58229-162a-4bdb-9f9b-80f930c092e2,3406 97TH Avenue Southeast  98040 US,47.580297923000046,-122.20853148499998
c9451369-f20f-4654-8fed-8e2ad3121ed6,10015 15TH Avenue Southwest SEATTLE 98146 US,47.51329125500007,-122.35413846899996
e6c17ff5-1369-44f2-9f33-52ac95f70a74,8448 SEWARD PARK Avenue South  98118 US,47.52727867800007,-122.26518749099995
d6c4d5c3-63ab-434d-b827-71e347745377,3830 Northeast 92ND Street  98115 US,47.69547748900004,-122.28647900799996
8dae6508-46c6-4704-8871-8dcb89d8100b,3425 STONE Way North  98103 US,47.64930415100008,-122.34304784499994
60d1115c-f6f7-441f-ad72-6d76ad8b1861,208 Northwest 48TH Street  98107 US,47.66380840000005,-122.35929335399999
dac8c9da-c336-47e6-9418-6e5e31eee888,3015 Northeast 60TH Street  98105 US,47.67200539800007,-122.29419745899997
17a63877-9670-4065-a9c6-ea536abe6183,4510 CALIFORNIA Avenue Southwest  98116 US,47.56248737400006,-122.38653476999997
135e9f52-5c4d-47a9-ae12-2b2c9b5f7461,6512 JONES Avenue Northwest  98117 US,47.67631649000003,-122.38609812699997
81eff825-dbc1-49a6-be38-60faabfa4768,4530 38TH Avenue Southwest  98126 US,47.561856774000034,-122.37980211499996
ebf75d31-ebcb-43ca-aa96-0511803ea506,9237 COLLEGE Way North  98103 US,47.69705141000003,-122.33546026599998
1d8ccc0c-0223-4f5a-b49c-788de8bf9fec,9037 46TH Avenue South  98118 US,47.52215901100004,-122.27453359299994
7865080a-00d4-41b9-93ba-65d41959b573,3324 B 35TH Avenue South  98144 US,47.572946527000056,-122.28847501899997
81139d0d-06ed-4d67-a943-9d3c619de532,2115 88TH Avenue Northeast  98004 US,47.62993097900005,-122.22262588899997
db1797dc-3e03-40b3-9237-c0bf754e6a4e,6711 30TH Avenue South  98108 US,47.54224653400007,-122.29390051999997
fdb251e1-e0b7-47d6-97d7-fc353cd96936,8516 29TH Avenue Northwest  98117 US,47.691022056000065,-122.39370892999995
efedbb24-83b6-4fd6-bb53-4cc6c8da82c5,5973 A RAINIER Avenue South  98118 US,47.54833125300007,-122.27744012
78b36dc1-5def-4269-9fd4-13b6a5f6a2a8,2103 Northwest 95TH Street  98117 US,47.69802030100004,-122.38326325899999
5231996e-aba1-44ef-a10e-c6b42a8cb779,1502 QUEEN ANNE Avenue North  98109 US,47.63252656800006,-122.35672396499996
18d5208f-c547-484b-b04e-91145961da32,10023 Northeast 29TH Place  98004 US,47.636709008000025,-122.20524017799994
84779cf0-f328-493f-b87a-3d9ee74737b7,151 North 78TH Street  98103 US,47.68532955500007,-122.35584538599994
88d72094-9223-429f-b81a-1e579b0d3d1e,4456 42ND Avenue Southwest  98116 US,47.56341925100003,-122.38506770299995
449bf0b0-5076-4edb-bd7a-f67291646ee5,6411 South BANGOR Street  98178 US,47.50620839800007,-122.25298525
5348419e-96e2-46ee-bd31-464454a6bb34,5304 WALLINGFORD Avenue North  98103 US,47.667437792000044,-122.33607321499994
7e7cc954-522c-4273-98fc-1f30110738b6,8346 WOLCOTT Avenue South  98118 US,47.528603400000065,-122.266966277
a35b42e9-aa47-4862-92b9-4e9d45c6935b,4120 BURKE Avenue North  98103 US,47.65745139100005,-122.33469316999998
59e500e9-b6a1-4dd7-b3ea-7cd3e4aa2447,5311 Northeast 86TH Street  98115 US,47.69163485000007,-122.27179602099994
bb015811-9e45-4e17-9579-d1ed378b26b0,9851 BELFAIR Lane  98004 US,47.618973356000026,-122.20832632399998
00bac031-c7bc-4ed5-9757-4f3ae8ea8a0b,6008 CORLISS Avenue North  98103 US,47.67262165500006,-122.33060522499994
946d2342-6b57-471b-b62f-bf3a1105c227,435 UPLAND Road  98039 US,47.614615178000065,-122.22469782699994
897fc700-c40f-46b9-b4ba-b1667449cc73,7047 21ST Avenue Northeast  98115 US,47.68072478000005,-122.30527156699998
7c0f16f2-cae8-4b05-b7e3-ce9b95b9874c,11510 28TH Avenue Southwest  98146 US,47.50003047400003,-122.36860575499998
ee049c74-c76a-4f04-9ecc-56685317ac10,3201 1ST Avenue South  98134 US,47.575289345000044,-122.334750483
7df53bc1-6785-4242-aaea-1bc88b4a60a0,10242 36TH Avenue Southwest  98146 US,47.51077429600008,-122.37683119599996
e2319dcd-5456-4cb1-976c-2d9eefb11e4c,627 East MERCER Street  98102 US,47.624073847000034,-122.32330629399996
fd487849-7eb8-495d-ba89-5c0730d6df02,10811 26TH Avenue South  98168 US,47.50621798800006,-122.30112138599998
1fa8f44d-2ce7-460a-b643-45308143a8bb,8303 SEWARD PARK Avenue South  98118 US,47.529371979000075,-122.26664224799998
6bcd4587-c6c3-48e3-9190-b55f6187a8c7,8638 26TH Avenue Southwest  98106 US,47.52515891200005,-122.36560855799996
688bf080-4a47-4ba3-9000-6214fce51f2b,3102 13TH Avenue South  98144 US,47.575805530000025,-122.31573231299996
b199f9ca-5953-4561-b0ce-afc58b104326,6808 36TH Avenue Northeast  98115 US,47.677875147000066,-122.28893374599994
c7cb275d-e7d9-4407-8fec-4e94f0ec7a8d,8432 South 112TH Street SEATTLE 98178 US,47.502707817000044,-122.22605875899995
af435fa6-ded0-4ad2-bbcc-3d11a80e6693,8409 SEWARD PARK Avenue South  98118 US,47.52785662500003,-122.26663822399996
5812aa1a-4f20-410f-b87b-38b4585e985e,2027 BELLEVUE Square  98004 US,47.615110263000076,-122.20362159599995
